long,str,long,long,long,long,
0,"Stand",3,147,0,0,
1,"Death",1056770,0,1,0,
2,"Spell",65546,0,2,0,
3,"Stop",0,0,3,0,
4,"Walk",3,0,4,0,
5,"Run",2,0,5,0,
6,"Dead",1081379,1,6,0,
7,"Rise",0,0,7,0,
8,"StandWound",8454144,25,8,0,
9,"CombatWound",8454147,8,9,0,
10,"CombatCritical",10551299,9,10,0,
11,"ShuffleLeft",0,0,11,0,
12,"ShuffleRight",0,0,12,0,
13,"Walkbackwards",17,4,13,0,
14,"Stun",65667,0,14,0,
15,"HandsClosed",65536,0,15,0,
16,"AttackUnarmed",18941955,0,16,0,
17,"Attack1H",2166787,16,17,0,
18,"Attack2H",2166787,17,18,0,
19,"Attack2HL",2166791,18,19,0,
20,"ParryUnarmed",18944003,8,20,0,
21,"Parry1H",2166787,8,21,0,
22,"Parry2H",2166787,8,22,0,
23,"Parry2HL",2166787,8,23,0,
24,"ShieldBlock",2166787,8,24,0,
25,"ReadyUnarmed",16844931,0,25,0,
26,"Ready1H",69763,25,26,0,
27,"Ready2H",69763,25,27,0,
28,"Ready2HL",69763,27,28,0,
29,"ReadyBow",65667,0,29,0,
30,"Dodge",2162691,8,30,0,
31,"SpellPrecast",65547,0,31,0,
32,"SpellCast",65547,16,32,0,
33,"SpellCastArea",65546,32,33,0,
34,"NPCWelcome",65536,0,34,0,
35,"NPCGoodbye",65536,0,35,0,
36,"Block",2166784,8,36,0,
37,"JumpStart",3,0,37,0,
38,"Jump",2,0,38,0,
39,"JumpEnd",3,0,39,0,
40,"Fall",3,41,40,0,
41,"SwimIdle",3,0,41,0,
42,"Swim",10,4,42,0,
43,"SwimLeft",8,0,43,0,
44,"SwimRight",8,0,44,0,
45,"SwimBackwards",26,42,45,0,
46,"AttackBow",198659,0,46,0,
47,"FireBow",65538,0,47,0,
48,"ReadyRifle",65667,0,48,0,
49,"AttackRifle",329731,0,49,0,
50,"Loot",11,0,50,0,
51,"ReadySpellDirected",65675,52,51,0,
52,"ReadySpellOmni",65675,31,52,0,
53,"SpellCastDirected",65546,54,53,0,
54,"SpellCastOmni",65547,33,54,0,
55,"BattleRoar",65539,16,55,0,
56,"ReadyAbility",69762,0,56,0,
57,"Special1H",6361091,17,57,0,
58,"Special2H",6361091,18,58,0,
59,"ShieldBash",2162690,87,59,0,
60,"EmoteTalk",67651,0,60,0,
61,"EmoteEat",67651,0,61,0,
62,"EmoteWork",67651,0,62,0,
63,"EmoteUseStanding",67649,123,63,0,
64,"EmoteTalkExclamation",67651,0,64,0,
65,"EmoteTalkQuestion",67651,0,65,0,
66,"EmoteBow",67651,0,66,0,
67,"EmoteWave",67651,0,67,0,
68,"EmoteCheer",67651,0,68,0,
69,"EmoteDance",2115,0,69,0,
70,"EmoteLaugh",67651,0,70,0,
71,"EmoteSleep",2115,100,71,0,
72,"EmoteSitGround",2115,0,72,0,
73,"EmoteRude",67651,0,73,0,
74,"EmoteRoar",65603,0,74,0,
75,"EmoteKneel",2115,0,75,0,
76,"EmoteKiss",67651,0,76,0,
77,"EmoteCry",67651,0,77,0,
78,"EmoteChicken",67651,0,78,0,
79,"EmoteBeg",2115,0,79,0,
80,"EmoteApplaud",67651,0,80,0,
81,"EmoteShout",67651,0,81,0,
82,"EmoteFlex",67651,0,82,0,
83,"EmoteShy",67651,0,83,0,
84,"EmotePoint",67651,0,84,0,
85,"Attack1HPierce",2166790,17,85,0,
86,"Attack2HLoosePierce",2166788,19,86,0,
87,"AttackOff",2166787,88,87,0,
88,"AttackOffPierce",2166791,16,88,0,
89,"Sheath",65539,0,89,0,
90,"HipSheath",65536,0,90,0,
91,"Mount",33554443,0,91,0,
92,"RunRight",0,0,92,0,
93,"RunLeft",0,0,93,0,
94,"MountSpecial",3,0,94,0,
95,"Kick",2097155,16,95,0,
96,"SitGroundDown",2114,0,96,0,
97,"SitGround",2146,96,97,0,
98,"SitGroundUp",2130,96,98,0,
99,"SleepDown",10306,0,99,0,
100,"Sleep",32875,99,100,0,
101,"SleepUp",16466,99,101,0,
102,"SitChairLow",73,0,102,0,
103,"SitChairMed",73,0,103,0,
104,"SitChairHigh",73,0,104,0,
105,"LoadBow",196610,0,105,0,
106,"LoadRifle",327682,0,106,0,
107,"AttackThrown",67700739,16,107,0,
108,"ReadyThrown",67700867,111,108,0,
109,"HoldBow",196611,0,109,0,
110,"HoldRifle",327683,0,110,0,
111,"HoldThrown",67698691,0,111,0,
112,"LoadThrown",67698690,111,112,0,
113,"EmoteSalute",67651,0,113,0,
114,"KneelStart",2050,0,114,0,
115,"KneelLoop",2082,114,115,0,
116,"KneelEnd",2066,114,116,0,
117,"AttackUnarmedOff",18941952,87,117,0,
118,"SpecialUnarmed",23136259,57,118,0,
119,"StealthWalk",66,4,119,0,
120,"StealthStand",67,0,120,0,
121,"Knockdown",131,14,121,0,
122,"EatingLoop",65538,0,122,0,
123,"UseStandingLoop",67682,128,123,0,
124,"ChannelCastDirected",65547,52,124,0,
125,"ChannelCastOmni",65547,31,125,0,
126,"Whirlwind",4099,0,126,0,
127,"Birth",2,0,127,0,
128,"UseStandingStart",65610,0,128,0,
129,"UseStandingEnd",69714,128,129,0,
130,"CreatureSpecial",65539,0,130,0,
131,"Drown",1048579,1,131,0,
132,"Drowned",1048611,131,132,0,
133,"FishingCast",69699,0,133,0,
134,"FishingLoop",69699,0,134,0,
135,"Fly",32770,42,135,0,
136,"EmoteWorkNoSheathe",69699,62,136,0,
137,"EmoteStunNoSheathe",195,14,137,0,
138,"EmoteUseStandingNoSheathe",65601,63,138,0,
139,"SpellSleepDown",2,0,139,0,
140,"SpellKneelStart",3,114,140,0,
141,"SpellKneelLoop",2,115,141,0,
142,"SpellKneelEnd",2,0,142,0,
143,"Sprint",0,5,143,0,
144,"InFlight",2,0,144,0,
145,"Spawn",0,0,145,0,
146,"Close",18,148,146,0,
147,"Closed",34,146,147,0,
148,"Open",19,146,148,0,
149,"Opened",35,148,149,0,
150,"Destroy",0,148,150,0,
151,"Destroyed",32,150,151,0,
152,"Rebuild",16,150,152,0,
153,"Custom0",65538,0,153,0,
154,"Custom1",65538,0,154,0,
155,"Custom2",65538,0,155,0,
156,"Custom3",65538,0,156,0,
157,"Despawn",0,0,157,0,
158,"Hold",3,0,158,0,
159,"Decay",3,0,159,0,
160,"BowPull",0,0,160,0,
161,"BowRelease",2,0,161,0,
162,"ShipStart",0,0,162,0,
163,"ShipMoving",0,0,163,0,
164,"ShipStop",0,0,164,0,
165,"GroupArrow",0,0,165,0,
166,"Arrow",0,0,166,0,
167,"CorpseArrow",0,0,167,0,
168,"GuideArrow",0,0,168,0,
169,"Sway",3,0,169,0,
170,"DruidCatPounce",2097154,19,170,0,
171,"DruidCatRip",2097154,19,171,0,
172,"DruidCatRake",2097154,16,172,0,
173,"DruidCatRavage",2097154,19,173,0,
174,"DruidCatClaw",2097154,16,174,0,
175,"DruidCatCower",2097154,30,175,0,
176,"DruidBearSwipe",2097154,19,176,0,
177,"DruidBearBite",2097154,0,177,0,
178,"DruidBearMaul",2097154,19,178,0,
179,"DruidBearBash",2097154,19,179,0,
180,"DragonTail",2,0,180,0,
181,"DragonStomp",3,19,181,0,
182,"DragonSpit",3,0,182,0,
183,"DragonSpitHover",2,0,183,0,
184,"DragonSpitFly",2,0,184,0,
185,"EmoteYes",67651,0,185,0,
186,"EmoteNo",67651,0,186,0,
187,"JumpLandRun",1,5,187,0,
188,"LootHold",35,50,188,0,
189,"LootUp",16,50,189,0,
190,"StandHigh",0,0,190,0,
191,"Impact",0,159,191,0,
192,"LiftOff",3,0,192,0,
193,"Hover",2,0,193,0,
194,"SuccubusEntice",2,0,194,0,
195,"EmoteTrain",65603,0,195,0,
196,"EmoteDead",66,1,196,0,
197,"EmoteDanceOnce",66,69,197,0,
198,"Deflect",0,0,198,0,
199,"EmoteEatNoSheathe",65603,61,199,0,
200,"Land",3,0,200,0,
201,"Submerge",3,0,201,0,
202,"Submerged",3,0,202,0,
203,"Cannibalize",3,115,203,0,
204,"ArrowBirth",0,0,204,0,
205,"GroupArrowBirth",0,0,205,0,
206,"CorpseArrowBirth",0,0,206,0,
207,"GuideArrowBirth",0,0,207,0,
208,"EmoteTalkNoSheathe",65603,60,208,0,
209,"EmotePointNoSheathe",65603,84,209,0,
210,"EmoteSaluteNoSheathe",65603,113,210,0,
211,"EmoteDanceSpecial",2115,69,211,0,
212,"Mutilate",2101255,16,212,0,
213,"CustomSpell01",65539,0,213,0,
214,"CustomSpell02",65539,0,214,0,
215,"CustomSpell03",65539,0,215,0,
216,"CustomSpell04",65539,0,216,0,
217,"CustomSpell05",65539,0,217,0,
218,"CustomSpell06",65539,0,218,0,
219,"CustomSpell07",65539,0,219,0,
220,"CustomSpell08",65539,0,220,0,
221,"CustomSpell09",65539,0,221,0,
222,"CustomSpell10",65539,0,222,0,
223,"StealthRun",66,119,223,0,
224,"Emerge",3,127,224,0,
225,"Cower",67587,0,225,0,
226,"Grab",2,0,226,0,
227,"GrabClosed",2,0,227,0,
228,"GrabThrown",2,0,228,0,
229,"FlyStand",3,376,0,3,
230,"FlyDeath",1056771,1,1,3,
231,"FlySpell",65546,229,2,3,
232,"FlyStop",0,229,3,3,
233,"FlyWalk",2,229,4,3,
234,"FlyRun",2,229,5,3,
235,"FlyDead",1081378,6,6,3,
236,"FlyRise",0,229,7,3,
237,"FlyStandWound",8454144,254,8,3,
238,"FlyCombatWound",8454147,237,9,3,
239,"FlyCombatCritical",10551299,238,10,3,
240,"FlyShuffleLeft",0,229,11,3,
241,"FlyShuffleRight",0,229,12,3,
242,"FlyWalkbackwards",16,233,13,3,
243,"FlyStun",65667,229,14,3,
244,"FlyHandsClosed",65536,229,15,3,
245,"FlyAttackUnarmed",18941955,229,16,3,
246,"FlyAttack1H",2166787,245,17,3,
247,"FlyAttack2H",2166787,246,18,3,
248,"FlyAttack2HL",2166785,247,19,3,
249,"FlyParryUnarmed",18939907,237,20,3,
250,"FlyParry1H",2162688,237,21,3,
251,"FlyParry2H",2162688,237,22,3,
252,"FlyParry2HL",2162688,237,23,3,
253,"FlyShieldBlock",2162691,237,24,3,
254,"FlyReadyUnarmed",16844931,229,25,3,
255,"FlyReady1H",69763,254,26,3,
256,"FlyReady2H",69763,254,27,3,
257,"FlyReady2HL",69763,254,28,3,
258,"FlyReadyBow",65667,229,29,3,
259,"FlyDodge",2162688,237,30,3,
260,"FlySpellPrecast",65547,229,31,3,
261,"FlySpellCast",65547,245,32,3,
262,"FlySpellCastArea",65546,261,33,3,
263,"FlyNPCWelcome",65536,229,34,3,
264,"FlyNPCGoodbye",65536,229,35,3,
265,"FlyBlock",2162688,237,36,3,
266,"FlyJumpStart",1,229,37,3,
267,"FlyJump",2,229,38,3,
268,"FlyJumpEnd",3,229,39,3,
269,"FlyFall",3,229,40,3,
270,"FlySwimIdle",2,229,41,3,
271,"FlySwim",10,233,42,3,
272,"FlySwimLeft",8,229,43,3,
273,"FlySwimRight",8,229,44,3,
274,"FlySwimBackwards",26,271,45,3,
275,"FlyAttackBow",198658,229,46,3,
276,"FlyFireBow",65538,229,47,3,
277,"FlyReadyRifle",65667,229,48,3,
278,"FlyAttackRifle",329730,229,49,3,
279,"FlyLoot",11,229,50,3,
280,"FlyReadySpellDirected",65675,281,51,3,
281,"FlyReadySpellOmni",65675,260,52,3,
282,"FlySpellCastDirected",65546,283,53,3,
283,"FlySpellCastOmni",65546,262,54,3,
284,"FlyBattleRoar",65539,245,55,3,
285,"FlyReadyAbility",69762,229,56,3,
286,"FlySpecial1H",6361091,246,57,3,
287,"FlySpecial2H",6361091,247,58,3,
288,"FlyShieldBash",2162690,316,59,3,
289,"FlyEmoteTalk",67587,229,60,3,
290,"FlyEmoteEat",67587,229,61,3,
291,"FlyEmoteWork",67587,229,62,3,
292,"FlyEmoteUseStanding",67585,352,63,3,
293,"FlyEmoteTalkExclamation",67587,229,64,3,
294,"FlyEmoteTalkQuestion",67587,229,65,3,
295,"FlyEmoteBow",67585,229,66,3,
296,"FlyEmoteWave",67587,229,67,3,
297,"FlyEmoteCheer",67587,229,68,3,
298,"FlyEmoteDance",2051,229,69,3,
299,"FlyEmoteLaugh",67587,229,70,3,
300,"FlyEmoteSleep",2051,329,71,3,
301,"FlyEmoteSitGround",2051,229,72,3,
302,"FlyEmoteRude",67587,229,73,3,
303,"FlyEmoteRoar",65539,229,74,3,
304,"FlyEmoteKneel",2051,229,75,3,
305,"FlyEmoteKiss",67585,229,76,3,
306,"FlyEmoteCry",67587,229,77,3,
307,"FlyEmoteChicken",67587,229,78,3,
308,"FlyEmoteBeg",2051,229,79,3,
309,"FlyEmoteApplaud",67585,229,80,3,
310,"FlyEmoteShout",67587,229,81,3,
311,"FlyEmoteFlex",67587,229,82,3,
312,"FlyEmoteShy",67587,229,83,3,
313,"FlyEmotePoint",67587,229,84,3,
314,"FlyAttack1HPierce",2166786,246,85,3,
315,"FlyAttack2HLoosePierce",2166784,248,86,3,
316,"FlyAttackOff",2166787,317,87,3,
317,"FlyAttackOffPierce",2166787,245,88,3,
318,"FlySheath",65536,229,89,3,
319,"FlyHipSheath",65536,229,90,3,
320,"FlyMount",33554443,229,91,3,
321,"FlyRunRight",0,229,92,3,
322,"FlyRunLeft",0,229,93,3,
323,"FlyMountSpecial",3,229,94,3,
324,"FlyKick",2097155,245,95,3,
325,"FlySitGroundDown",2051,229,96,3,
326,"FlySitGround",2083,325,97,3,
327,"FlySitGroundUp",2067,325,98,3,
328,"FlySleepDown",10242,229,99,3,
329,"FlySleep",32811,328,100,3,
330,"FlySleepUp",16402,328,101,3,
331,"FlySitChairLow",9,229,102,3,
332,"FlySitChairMed",9,229,103,3,
333,"FlySitChairHigh",9,229,104,3,
334,"FlyLoadBow",196610,229,105,3,
335,"FlyLoadRifle",327682,229,106,3,
336,"FlyAttackThrown",67700739,245,107,3,
337,"FlyReadyThrown",67700866,340,108,3,
338,"FlyHoldBow",196611,229,109,3,
339,"FlyHoldRifle",327683,229,110,3,
340,"FlyHoldThrown",67698691,229,111,3,
341,"FlyLoadThrown",67698690,340,112,3,
342,"FlyEmoteSalute",67587,229,113,3,
343,"FlyKneelStart",2050,229,114,3,
344,"FlyKneelLoop",2082,343,115,3,
345,"FlyKneelEnd",2066,343,116,3,
346,"FlyAttackUnarmedOff",18941952,316,117,3,
347,"FlySpecialUnarmed",23136258,286,118,3,
348,"FlyStealthWalk",2,233,119,3,
349,"FlyStealthStand",2,229,120,3,
350,"FlyKnockdown",130,229,121,3,
351,"FlyEatingLoop",65538,229,122,3,
352,"FlyUseStandingLoop",67618,357,123,3,
353,"FlyChannelCastDirected",65546,281,124,3,
354,"FlyChannelCastOmni",65546,260,125,3,
355,"FlyWhirlwind",4099,229,126,3,
356,"FlyBirth",2,229,127,3,
357,"FlyUseStandingStart",65546,229,128,3,
358,"FlyUseStandingEnd",69650,357,129,3,
359,"FlyCreatureSpecial",65539,229,130,3,
360,"FlyDrown",1048579,230,131,3,
361,"FlyDrowned",1048611,360,132,3,
362,"FlyFishingCast",69635,229,133,3,
363,"FlyFishingLoop",69635,229,134,3,
364,"FlyFly",32770,271,135,3,
365,"FlyEmoteWorkNoSheathe",69635,291,136,3,
366,"FlyEmoteStunNoSheathe",129,243,137,3,
367,"FlyEmoteUseStandingNoSheathe",65537,292,138,3,
368,"FlySpellSleepDown",2,229,139,3,
369,"FlySpellKneelStart",3,229,140,3,
370,"FlySpellKneelLoop",2,344,141,3,
371,"FlySpellKneelEnd",2,229,142,3,
372,"FlySprint",0,234,143,3,
373,"FlyInFlight",2,229,144,3,
374,"FlySpawn",0,229,145,3,
375,"FlyClose",16,377,146,3,
376,"FlyClosed",32,375,147,3,
377,"FlyOpen",16,375,148,3,
378,"FlyOpened",32,377,149,3,
379,"FlyDestroy",0,377,150,3,
380,"FlyDestroyed",32,379,151,3,
381,"FlyRebuild",16,379,152,3,
382,"FlyCustom0",65536,229,153,3,
383,"FlyCustom1",65536,229,154,3,
384,"FlyCustom2",65536,229,155,3,
385,"FlyCustom3",65536,229,156,3,
386,"FlyDespawn",0,229,157,3,
387,"FlyHold",3,229,158,3,
388,"FlyDecay",3,229,159,3,
389,"FlyBowPull",0,229,160,3,
390,"FlyBowRelease",0,229,161,3,
391,"FlyShipStart",0,229,162,3,
392,"FlyShipMoving",0,229,163,3,
393,"FlyShipStop",0,229,164,3,
394,"FlyGroupArrow",0,229,165,3,
395,"FlyArrow",0,229,166,3,
396,"FlyCorpseArrow",0,229,167,3,
397,"FlyGuideArrow",0,229,168,3,
398,"FlySway",3,229,169,3,
399,"FlyDruidCatPounce",2097154,229,170,3,
400,"FlyDruidCatRip",2097154,229,171,3,
401,"FlyDruidCatRake",2097154,229,172,3,
402,"FlyDruidCatRavage",2097154,229,173,3,
403,"FlyDruidCatClaw",2097154,229,174,3,
404,"FlyDruidCatCower",2097154,229,175,3,
405,"FlyDruidBearSwipe",2097154,229,176,3,
406,"FlyDruidBearBite",2097154,229,177,3,
407,"FlyDruidBearMaul",2097154,229,178,3,
408,"FlyDruidBearBash",2097154,229,179,3,
409,"FlyDragonTail",2,229,180,3,
410,"FlyDragonStomp",3,229,181,3,
411,"FlyDragonSpit",3,229,182,3,
412,"FlyDragonSpitHover",2,229,183,3,
413,"FlyDragonSpitFly",3,229,184,3,
414,"FlyEmoteYes",67585,229,185,3,
415,"FlyEmoteNo",67587,229,186,3,
416,"FlyJumpLandRun",1,234,187,3,
417,"FlyLootHold",35,279,188,3,
418,"FlyLootUp",16,279,189,3,
419,"FlyStandHigh",0,229,190,3,
420,"FlyImpact",0,388,191,3,
421,"FlyLiftOff",3,229,192,3,
422,"FlyHover",2,229,193,3,
423,"FlySuccubusEntice",2,229,194,3,
424,"FlyEmoteTrain",65539,229,195,3,
425,"FlyEmoteDead",2,230,196,3,
426,"FlyEmoteDanceOnce",2,298,197,3,
427,"FlyDeflect",0,229,198,3,
428,"FlyEmoteEatNoSheathe",65539,290,199,3,
429,"FlyLand",3,229,200,3,
430,"FlySubmerge",3,229,201,3,
431,"FlySubmerged",3,229,202,3,
432,"FlyCannibalize",3,344,203,3,
433,"FlyArrowBirth",0,229,204,3,
434,"FlyGroupArrowBirth",0,229,205,3,
435,"FlyCorpseArrowBirth",0,229,206,3,
436,"FlyGuideArrowBirth",0,229,207,3,
437,"FlyEmoteTalkNoSheathe",65539,289,208,3,
438,"FlyEmotePointNoSheathe",65539,313,209,3,
439,"FlyEmoteSaluteNoSheathe",65539,342,210,3,
440,"FlyEmoteDanceSpecial",2051,298,211,3,
441,"FlyMutilate",2101251,245,212,3,
442,"FlyCustomSpell01",65539,229,213,3,
443,"FlyCustomSpell02",65539,229,214,3,
444,"FlyCustomSpell03",65539,229,215,3,
445,"FlyCustomSpell04",65539,229,216,3,
446,"FlyCustomSpell05",65539,229,217,3,
447,"FlyCustomSpell06",65539,229,218,3,
448,"FlyCustomSpell07",65539,229,219,3,
449,"FlyCustomSpell08",65539,229,220,3,
450,"FlyCustomSpell09",65539,229,221,3,
451,"FlyCustomSpell10",65539,229,222,3,
452,"FlyStealthRun",2,348,223,3,
453,"FlyEmerge",3,356,224,3,
454,"FlyCower",67587,229,225,3,
455,"FlyGrab",3,229,226,3,
456,"FlyGrabClosed",3,229,227,3,
457,"FlyGrabThrown",3,229,228,3,
458,"ToFly",3,5,458,0,
459,"ToHover",3,5,459,0,
460,"ToGround",3,5,460,0,
461,"FlyToFly",3,234,458,3,
462,"FlyToHover",3,234,459,3,
463,"FlyToGround",3,234,460,3,
464,"Settle",3,0,464,0,
465,"FlySettle",3,229,464,3,
466,"DeathStart",1056770,1,466,0,
467,"DeathLoop",1056802,1,467,0,
468,"DeathEnd",1056770,6,468,0,
469,"FlyDeathStart",1048578,466,466,3,
470,"FlyDeathLoop",1048578,467,467,3,
471,"FlyDeathEnd",1056770,468,468,3,
472,"DeathEndHold",1081379,468,472,0,
473,"FlyDeathEndHold",1056803,471,472,3,
474,"Strangulate",2051,14,474,0,
475,"FlyStrangulate",2051,243,474,3,
476,"ReadyJoust",65667,0,476,0,
477,"LoadJoust",65539,0,477,0,
478,"HoldJoust",69635,0,478,0,
479,"FlyReadyJoust",65667,0,476,3,
480,"FlyLoadJoust",65538,0,477,3,
481,"FlyHoldJoust",69635,0,478,3,
482,"AttackJoust",2166790,85,482,0,
483,"FlyAttackJoust",2166786,314,482,3,
484,"ReclinedMount",33619979,0,484,0,
485,"FlyReclinedMount",33619971,0,484,3,
486,"ToAltered",2048,0,486,0,
487,"FromAltered",2051,0,487,0,
488,"FlyToAltered",2051,0,486,3,
489,"FlyFromAltered",2051,0,487,3,
490,"InStocks",2051,0,490,0,
491,"FlyInStocks",2051,0,490,3,
492,"VehicleGrab",3,226,492,0,
493,"VehicleThrow",3,228,493,0,
494,"FlyVehicleGrab",3,455,492,3,
495,"FlyVehicleThrow",3,457,493,3,
496,"ToAlteredPostSwap",2051,0,496,0,
497,"FromAlteredPostSwap",2051,0,497,0,
498,"FlyToAlteredPostSwap",2051,0,496,3,
499,"FlyFromAlteredPostSwap",2051,0,497,3,
500,"ReclinedMountPassenger",33619979,0,500,0,
501,"FlyReclinedMountPassenger",33619971,0,500,3,
502,"Carry2H",2051,0,502,0,
503,"Carried2H",2051,0,503,0,
504,"FlyCarry2H",2051,0,502,3,
505,"FlyCarried2H",2051,0,503,3,
506,"EmoteSniff",2115,0,506,0,
507,"EmoteFlySniff",3,229,506,3,
508,"AttackFist1H",18941955,16,508,0,
509,"FlyAttackFist1H",18941955,245,508,3,
510,"AttackFist1HOff",18941952,117,510,0,
511,"FlyAttackFist1HOff",18941952,346,510,3,
512,"ParryFist1H",18944003,20,512,0,
513,"FlyParryFist1H",18944003,249,512,3,
514,"ReadyFist1H",16846979,25,514,0,
515,"FlyReadyFist1H",16846979,254,514,3,
516,"SpecialFist1H",23136259,118,516,0,
517,"FlySpecialFist1H",23136259,347,516,3,
518,"EmoteReadStart",67651,0,518,0,
519,"FlyEmoteReadStart",67651,229,518,3,
520,"EmoteReadLoop",67651,0,520,0,
521,"FlyEmoteReadLoop",67651,229,520,3,
522,"EmoteReadEnd",67651,0,522,0,
523,"FlyEmoteReadEnd",67651,229,522,3,
524,"SwimRun",10,42,524,0,
525,"FlySwimRun",10,271,524,3,
526,"SwimWalk",10,524,526,0,
527,"FlySwimWalk",10,525,526,3,
528,"SwimWalkBackwards",10,45,528,0,
529,"FlySwimWalkBackwards",10,274,528,3,
530,"SwimSprint",10,524,530,0,
531,"FlySwimSprint",10,525,530,3,
532,"MountSwimIdle",3,41,532,0,
533,"FlyMountSwimIdle",3,270,532,3,
534,"MountSwimBackwards",10,45,534,0,
535,"FlyMountSwimBackwards",10,274,534,3,
536,"MountSwimLeft",8,43,536,0,
537,"FlyMountSwimLeft",8,272,536,3,
538,"MountSwimRight",8,44,538,0,
539,"FlyMountSwimRight",8,273,538,3,
540,"MountSwimRun",10,42,540,0,
541,"FlyMountSwimRun",10,271,540,3,
542,"MountSwimSprint",10,540,542,0,
543,"FlyMountSwimSprint",10,541,542,3,
544,"MountSwimWalk",10,540,544,0,
545,"FlyMountSwimWalk",10,541,544,3,
546,"MountSwimWalkBackwards",10,534,546,0,
547,"FlyMountSwimWalkBackwards",10,535,546,3,
548,"MountFlightIdle",3,41,548,0,
549,"FlyMountFlightIdle",3,270,548,3,
550,"MountFlightBackwards",10,528,550,0,
551,"FlyMountFlightBackwards",10,529,550,3,
552,"MountFlightLeft",8,43,552,0,
553,"FlyMountFlightLeft",8,272,552,3,
554,"MountFlightRight",8,44,554,0,
555,"FlyMountFlightRight",8,273,554,3,
556,"MountFlightRun",10,42,556,0,
557,"FlyMountFlightRun",10,271,556,3,
558,"MountFlightSprint",10,556,558,0,
559,"FlyMountFlightSprint",10,557,558,3,
560,"MountFlightWalk",10,556,560,0,
561,"FlyMountFlightWalk",10,557,560,3,
562,"MountFlightWalkBackwards",10,550,562,0,
563,"FlyMountFlightWalkBackwards",10,551,562,3,
564,"MountFlightStart",3,37,564,0,
565,"FlyMountFlightStart",3,266,564,3,
566,"MountSwimStart",3,532,566,0,
567,"FlyMountSwimStart",3,533,566,3,
568,"MountSwimLand",3,39,568,0,
569,"FlyMountSwimLand",3,268,568,3,
570,"MountSwimLandRun",1,187,570,0,
571,"FlyMountSwimLandRun",1,416,570,3,
572,"MountFlightLand",3,39,572,0,
573,"FlyMountFlightLand",3,268,572,3,
574,"MountFlightLandRun",1,187,574,0,
575,"FlyMountFlightLandRun",1,416,574,3,
576,"ReadyBlowDart",131,0,576,0,
577,"FlyReadyBlowDart",131,229,576,3,
578,"LoadBlowDart",2,0,578,0,
579,"FlyLoadBlowDart",2,229,578,3,
580,"HoldBlowDart",3,0,580,0,
581,"FlyHoldBlowDart",3,229,580,3,
582,"AttackBlowDart",2051,0,582,0,
583,"FlyAttackBlowDart",2051,229,582,3,
584,"CarriageMount",11,0,584,0,
585,"FlyCarriageMount",11,229,584,3,
586,"CarriagePassengerMount",11,91,586,0,
587,"FlyCarriagePassengerMount",11,320,586,3,
588,"CarriageMountAttack",11,91,588,0,
589,"FlyCarriageMountAttack",11,320,588,3,
590,"BarTendStand",67,0,590,0,
591,"FlyBarTendStand",67,229,590,3,
592,"BarServerWalk",67,4,592,0,
593,"FlyBarServerWalk",67,233,592,3,
594,"BarServerRun",67,0,594,0,
595,"FlyBarServerRun",67,229,594,3,
596,"BarServerShuffleLeft",67,11,596,0,
597,"FlyBarServerShuffleLeft",67,240,596,3,
598,"BarServerShuffleRight",67,12,598,0,
599,"FlyBarServerShuffleRight",67,241,598,3,
600,"BarTendEmoteTalk",2115,60,600,0,
601,"FlyBarTendEmoteTalk",2115,289,600,3,
602,"BarTendEmotePoint",67,84,602,0,
603,"FlyBarTendEmotePoint",67,313,602,3,
604,"BarServerStand",67,0,604,0,
605,"FlyBarServerStand",67,229,604,3,
606,"BarSweepWalk",66,4,606,0,
607,"FlyBarSweepWalk",66,233,606,3,
608,"BarSweepRun",66,5,608,0,
609,"FlyBarSweepRun",66,234,608,3,
610,"BarSweepShuffleLeft",64,11,610,0,
611,"FlyBarSweepShuffleLeft",64,240,610,3,
612,"BarSweepShuffleRight",64,12,612,0,
613,"FlyBarSweepShuffleRight",64,241,612,3,
614,"BarSweepEmoteTalk",2115,60,614,0,
615,"FlyBarSweepEmoteTalk",2115,289,614,3,
616,"BarPatronSitEmotePoint",2115,84,616,0,
617,"FlyBarPatronSitEmotePoint",2115,313,616,3,
618,"MountSelfIdle",771,0,618,0,
619,"FlyMountSelfIdle",771,229,618,3,
620,"MountSelfWalk",778,4,620,0,
621,"FlyMountSelfWalk",778,233,620,3,
622,"MountSelfRun",778,5,622,0,
623,"FlyMountSelfRun",778,234,622,3,
624,"MountSelfSprint",778,622,624,0,
625,"FlyMountSelfSprint",778,623,624,3,
626,"MountSelfRunLeft",776,93,626,0,
627,"FlyMountSelfRunLeft",776,322,626,3,
628,"MountSelfRunRight",776,92,628,0,
629,"FlyMountSelfRunRight",776,321,628,3,
630,"MountSelfShuffleLeft",768,11,630,0,
631,"FlyMountSelfShuffleLeft",768,240,630,3,
632,"MountSelfShuffleRight",768,12,632,0,
633,"FlyMountSelfShuffleRight",768,241,632,3,
634,"MountSelfWalkBackwards",778,13,634,0,
635,"FlyMountSelfWalkBackwards",778,242,634,3,
636,"MountSelfSpecial",771,94,636,0,
637,"FlyMountSelfSpecial",771,323,636,3,
638,"MountSelfJump",770,38,638,0,
639,"FlyMountSelfJump",770,267,638,3,
640,"MountSelfJumpStart",771,37,640,0,
641,"FlyMountSelfJumpStart",771,266,640,3,
642,"MountSelfJumpEnd",771,39,642,0,
643,"FlyMountSelfJumpEnd",771,268,642,3,
644,"MountSelfJumpLandRun",769,187,644,0,
645,"FlyMountSelfJumpLandRun",769,416,644,3,
646,"MountSelfStart",2883,52,646,0,
647,"FlyMountSelfStart",2883,281,646,3,
648,"MountSelfFall",771,40,648,0,
649,"FlyMountSelfFall",771,269,648,3,
650,"Stormstrike",4098,58,650,0,
651,"FlyStormstrike",4098,287,650,3,
652,"ReadyJoustNoSheathe",69763,476,652,0,
653,"FlyReadyJoustNoSheathe",69763,479,652,3,
654,"Slam",6361091,57,654,0,
655,"FlySlam",6361091,286,654,3,
656,"DeathStrike",6361090,58,656,0,
657,"FlyDeathStrike",6361090,287,656,3,
658,"SwimAttackUnarmed",18941955,16,658,0,
659,"FlySwimAttackUnarmed",18941955,245,658,3,
660,"SpinningKick",2097155,0,660,0,
661,"FlySpinningKick",2097155,229,660,3,
662,"RoundHouseKick",2097155,95,662,0,
663,"FlyRoundHouseKick",2097155,324,662,3,
664,"RollStart",3,37,664,0,
665,"FlyRollStart",3,266,664,3,
666,"Roll",2,38,666,0,
667,"FlyRoll",2,267,666,3,
668,"RollEnd",3,39,668,0,
669,"FlyRollEnd",3,268,668,3,
670,"PalmStrike",6359051,118,670,0,
671,"FlyPalmStrike",6359051,347,670,3,
672,"MonkOffenseAttackUnarmed",18941955,16,672,0,
673,"FlyMonkOffenseAttackUnarmed",18941955,245,672,3,
674,"MonkOffenseAttackUnarmedOff",18941955,117,674,0,
675,"FlyMonkOffenseAttackUnarmedOff",18941955,346,674,3,
676,"MonkOffenseParryUnarmed",18944003,20,676,0,
677,"FlyMonkOffenseParryUnarmed",18944003,249,676,3,
678,"MonkOffenseReadyUnarmed",16844931,25,678,0,
679,"FlyMonkOffenseReadyUnarmed",16844931,254,678,3,
680,"MonkOffenseSpecialUnarmed",23136259,118,680,0,
681,"FlyMonkOffenseSpecialUnarmed",23136259,347,680,3,
682,"MonkDefenseAttackUnarmed",18941955,16,682,0,
683,"FlyMonkDefenseAttackUnarmed",18941955,245,682,3,
684,"MonkDefenseAttackUnarmedOff",18941952,117,684,0,
685,"FlyMonkDefenseAttackUnarmedOff",18941952,346,684,3,
686,"MonkDefenseParryUnarmed",18944003,20,686,0,
687,"FlyMonkDefenseParryUnarmed",18944003,249,686,3,
688,"MonkDefenseReadyUnarmed",16844931,25,688,0,
689,"FlyMonkDefenseReadyUnarmed",16844931,254,688,3,
690,"MonkDefenseSpecialUnarmed",23136259,118,690,0,
691,"FlyMonkDefenseSpecialUnarmed",23136259,347,690,3,
692,"MonkHealAttackUnarmed",18941955,16,692,0,
693,"FlyMonkHealAttackUnarmed",18941955,245,692,3,
694,"MonkHealAttackUnarmedOff",18941952,117,694,0,
695,"FlyMonkHealAttackUnarmedOff",18941952,346,694,3,
696,"MonkHealParryUnarmed",18944003,20,696,0,
697,"FlyMonkHealParryUnarmed",18944003,249,696,3,
698,"MonkHealReadyUnarmed",16844931,25,698,0,
699,"FlyMonkHealReadyUnarmed",16844931,254,698,3,
700,"MonkHealSpecialUnarmed",23136259,118,700,0,
701,"FlyMonkHealSpecialUnarmed",23136259,347,700,3,
702,"FlyingKick",515,38,702,0,
703,"FlyFlyingKick",3,267,702,3,
704,"FlyingKickStart",3,37,704,0,
705,"FlyFlyingKickStart",3,266,704,3,
706,"FlyingKickEnd",3,39,706,0,
707,"FlyFlyingKickEnd",3,268,706,3,
708,"CraneStart",3,37,708,0,
709,"FlyCraneStart",3,266,708,3,
710,"CraneLoop",3,0,710,0,
711,"FlyCraneLoop",3,229,710,3,
712,"CraneEnd",3,39,712,0,
713,"FlyCraneEnd",3,268,712,3,
714,"Despawned",32,157,714,0,
715,"FlyDespawned",32,386,714,3,
716,"ThousandFists",23136259,118,716,0,
717,"FlyThousandFists",23136259,347,716,3,
718,"MonkHealReadySpellDirected",16844931,698,718,0,
719,"FlyMonkHealReadySpellDirected",16844931,699,718,3,
720,"MonkHealReadySpellOmni",16844931,698,720,0,
721,"FlyMonkHealReadySpellOmni",16844931,699,720,3,
722,"MonkHealSpellCastDirected",65546,53,722,0,
723,"FlyMonkHealSpellCastDirected",65546,282,722,3,
724,"MonkHealSpellCastOmni",65547,54,724,0,
725,"FlyMonkHealSpellCastOmni",65547,283,724,3,
726,"MonkHealChannelCastDirected",65547,124,726,0,
727,"FlyMonkHealChannelCastDirected",65547,353,726,3,
728,"MonkHealChannelCastOmni",65547,125,728,0,
729,"FlyMonkHealChannelCastOmni",65547,354,728,3,
730,"Torpedo",515,702,730,0,
731,"FlyTorpedo",515,703,730,3,
732,"Meditate",2147,97,732,0,
733,"FlyMeditate",2147,326,732,3,
734,"BreathOfFire",65539,0,734,0,
735,"FlyBreathOfFire",65539,229,734,3,
736,"RisingSunKick",2097155,95,736,0,
737,"FlyRisingSunKick",2097155,324,736,3,
738,"GroundKick",2097155,0,738,0,
739,"FlyGroundKick",2097155,229,738,3,
740,"KickBack",2097155,95,740,0,
741,"FlyKickBack",2097155,324,740,3,
742,"PetBattleStand",134217859,0,742,0,
743,"FlyPetBattleStand",131,229,742,3,
744,"PetBattleDeath",135274498,1,744,0,
745,"FlyPetBattleDeath",1056770,230,744,3,
746,"PetBattleRun",134217730,5,746,0,
747,"FlyPetBattleRun",2,234,746,3,
748,"PetBattleWound",142606339,9,748,0,
749,"FlyPetBattleWound",1027,238,748,3,
750,"PetBattleAttack",153094147,16,750,0,
751,"FlyPetBattleAttack",18876419,245,750,3,
752,"PetBattleReadySpell",268435459,742,752,0,
753,"FlyPetBattleReadySpell",3,743,752,3,
754,"PetBattleSpellCast",287311875,750,754,0,
755,"FlyPetBattleSpellCast",18876419,751,754,3,
756,"PetBattleCustom0",287311875,750,756,0,
757,"FlyPetBattleCustom0",18876419,751,756,3,
758,"PetBattleCustom1",287311875,750,758,0,
759,"FlyPetBattleCustom1",18876419,751,758,3,
760,"PetBattleCustom2",287311875,750,760,0,
761,"FlyPetBattleCustom2",18876419,751,760,3,
762,"PetBattleCustom3",287311875,750,762,0,
763,"FlyPetBattleCustom3",18876419,751,762,3,
764,"PetBattleVictory",268435459,742,764,0,
765,"FlyPetBattleVictory",3,743,764,3,
766,"PetBattleLoss",268435459,742,766,0,
767,"FlyPetBattleLoss",3,743,766,3,
768,"PetBattleStun",268435459,742,768,0,
769,"FlyPetBattleStun",3,743,768,3,
770,"PetBattleDead",269492258,744,770,0,
771,"FlyPetBattleDead",1056802,745,770,3,
772,"PetBattleFreeze",268435491,742,772,0,
773,"FlyPetBattleFreeze",35,743,772,3,
774,"MonkOffenseAttackWeapon",2101251,17,774,0,
775,"FlyMonkOffenseAttackWeapon",2101251,246,774,3,
776,"BarTendEmoteWave",67651,67,776,0,
777,"FlyBarTendEmoteWave",67651,296,776,3,
778,"BarServerEmoteTalk",67651,0,778,0,
779,"FlyBarServerEmoteTalk",67651,229,778,3,
780,"BarServerEmoteWave",67,67,780,0,
781,"FlyBarServerEmoteWave",67,296,780,3,
782,"BarServerPourDrinks",67,0,782,0,
783,"FlyBarServerPourDrinks",67,229,782,3,
784,"BarServerPickup",67,0,784,0,
785,"FlyBarServerPickup",67,229,784,3,
786,"BarServerPutDown",67,0,786,0,
787,"FlyBarServerPutDown",67,229,786,3,
788,"BarSweepStand",67,0,788,0,
789,"FlyBarSweepStand",67,229,788,3,
790,"BarPatronSit",107,103,790,0,
791,"FlyBarPatronSit",107,332,790,3,
792,"BarPatronSitEmoteTalk",67651,0,792,0,
793,"FlyBarPatronSitEmoteTalk",67651,229,792,3,
794,"BarPatronStand",67,0,794,0,
795,"FlyBarPatronStand",67,229,794,3,
796,"BarPatronStandEmoteTalk",67,0,796,0,
797,"FlyBarPatronStandEmoteTalk",67,229,796,3,
798,"BarPatronStandEmotePoint",67651,0,798,0,
799,"FlyBarPatronStandEmotePoint",67651,229,798,3,
800,"CarrionSwarm",65546,53,800,0,
801,"FlyCarrionSwarm",65546,282,800,3,
802,"WheelLoop",0,153,802,0,
803,"FlyWheelLoop",0,229,802,3,
804,"StandCharacterCreate",128,0,804,0,
805,"FlyStandCharacterCreate",128,229,804,3,
806,"MountChopper",33554443,91,806,0,
807,"FlyMountChopper",33554443,320,806,3,
808,"FacePose",0,0,808,0,
809,"FlyFacePose",0,229,808,3,
810,"CombatAbility2HBig01",6361090,58,810,0,
811,"FlyCombatAbility2HBig01",6361090,287,810,3,
812,"CombatAbility2H01",6361090,58,812,0,
813,"FlyCombatAbility2H01",6361090,287,812,3,
814,"CombatWhirlwind",6361090,126,814,0,
815,"FlyCombatWhirlwind",6361090,355,814,3,
816,"CombatChargeLoop",2,143,816,0,
817,"FlyCombatChargeLoop",2,372,816,3,
818,"CombatAbility1H01",6361090,57,818,0,
819,"FlyCombatAbility1H01",6361090,286,818,3,
820,"CombatChargeEnd",2,0,820,0,
821,"FlyCombatChargeEnd",2,229,820,3,
822,"CombatAbility1H02",6361090,57,822,0,
823,"FlyCombatAbility1H02",6361090,286,822,3,
824,"CombatAbility1HBig01",6361090,57,824,0,
825,"FlyCombatAbility1HBig01",6361090,286,824,3,
826,"CombatAbility2H02",6361090,58,826,0,
827,"FlyCombatAbility2H02",6361090,287,826,3,
828,"ShaSpellPrecastBoth",65546,51,828,0,
829,"FlyShaSpellPrecastBoth",65546,280,828,3,
830,"ShaSpellCastBothFront",65546,53,830,0,
831,"FlyShaSpellCastBothFront",65546,282,830,3,
832,"ShaSpellCastLeftFront",65546,53,832,0,
833,"FlyShaSpellCastLeftFront",65546,282,832,3,
834,"ShaSpellCastRightFront",65546,53,834,0,
835,"FlyShaSpellCastRightFront",65546,282,834,3,
836,"ReadyCrossbow",65667,48,836,0,
837,"FlyReadyCrossbow",65667,277,836,3,
838,"LoadCrossbow",327682,106,838,0,
839,"FlyLoadCrossbow",327682,335,838,3,
840,"AttackCrossbow",329731,49,840,0,
841,"FlyAttackCrossbow",329730,278,840,3,
842,"HoldCrossbow",327683,110,842,0,
843,"FlyHoldCrossbow",327683,339,842,3,
844,"CombatAbility2HL01",6361090,58,844,0,
845,"FlyCombatAbility2HL01",6361090,287,844,3,
846,"CombatAbility2HL02",6361090,58,846,0,
847,"FlyCombatAbility2HL02",6361090,287,846,3,
848,"CombatAbility2HLBig01",6361090,58,848,0,
849,"FlyCombatAbility2HLBig01",6361090,287,848,3,
850,"CombatUnarmed01",6361090,118,850,0,
851,"FlyCombatUnarmed01",6361090,347,850,3,
852,"CombatStompLeft",65546,181,852,0,
853,"FlyCombatStompLeft",65546,410,852,3,
854,"CombatStompRight",65546,181,854,0,
855,"FlyCombatStompRight",65546,410,854,3,
856,"CombatLeapLoop",2,38,856,0,
857,"FlyCombatLeapLoop",2,267,856,3,
858,"CombatLeapEnd",2,39,858,0,
859,"FlyCombatLeapEnd",2,268,858,3,
860,"ShaReadySpellCast",65546,25,860,0,
861,"FlyShaReadySpellCast",65546,254,860,3,
862,"ShaSpellPrecastBothChannel",65546,51,862,0,
863,"FlyShaSpellPrecastBothChannel",65546,280,862,3,
864,"ShaSpellCastBothUp",65546,54,864,0,
865,"FlyShaSpellCastBothUp",65546,283,864,3,
866,"ShaSpellCastBothUpChannel",65546,125,866,0,
867,"FlyShaSpellCastBothUpChannel",65546,354,866,3,
868,"ShaSpellCastBothFrontChannel",65546,124,868,0,
869,"FlyShaSpellCastBothFrontChannel",65546,353,868,3,
870,"ShaSpellCastLeftFrontChannel",65546,124,870,0,
871,"FlyShaSpellCastLeftFrontChannel",65546,353,870,3,
872,"ShaSpellCastRightFrontChannel",65546,124,872,0,
873,"FlyShaSpellCastRightFrontChannel",65546,353,872,3,
874,"PriReadySpellCast",65546,25,874,0,
875,"FlyPriReadySpellCast",65546,254,874,3,
876,"PriSpellPrecastBoth",65546,51,876,0,
877,"FlyPriSpellPrecastBoth",65546,280,876,3,
878,"PriSpellPrecastBothChannel",65546,51,878,0,
879,"FlyPriSpellPrecastBothChannel",65546,280,878,3,
880,"PriSpellCastBothUp",65546,54,880,0,
881,"FlyPriSpellCastBothUp",65546,283,880,3,
882,"PriSpellCastBothFront",65546,53,882,0,
883,"FlyPriSpellCastBothFront",65546,282,882,3,
884,"PriSpellCastLeftFront",65546,53,884,0,
885,"FlyPriSpellCastLeftFront",65546,282,884,3,
886,"PriSpellCastRightFront",65546,53,886,0,
887,"FlyPriSpellCastRightFront",65546,282,886,3,
888,"PriSpellCastBothUpChannel",65546,125,888,0,
889,"FlyPriSpellCastBothUpChannel",65546,354,888,3,
890,"PriSpellCastBothFrontChannel",65546,124,890,0,
891,"FlyPriSpellCastBothFrontChannel",65546,353,890,3,
892,"PriSpellCastLeftFrontChannel",65546,124,892,0,
893,"FlyPriSpellCastLeftFrontChannel",65546,353,892,3,
894,"PriSpellCastRightFrontChannel",65546,124,894,0,
895,"FlyPriSpellCastRightFrontChannel",65546,353,894,3,
896,"MagReadySpellCast",65546,25,896,0,
897,"FlyMagReadySpellCast",65546,254,896,3,
898,"MagSpellPrecastBoth",65546,51,898,0,
899,"FlyMagSpellPrecastBoth",65546,280,898,3,
900,"MagSpellPrecastBothChannel",65546,51,900,0,
901,"FlyMagSpellPrecastBothChannel",65546,280,900,3,
902,"MagSpellCastBothUp",65546,54,902,0,
903,"FlyMagSpellCastBothUp",65546,283,902,3,
904,"MagSpellCastBothFront",65546,53,904,0,
905,"FlyMagSpellCastBothFront",65546,282,904,3,
906,"MagSpellCastLeftFront",65546,53,906,0,
907,"FlyMagSpellCastLeftFront",65546,282,906,3,
908,"MagSpellCastRightFront",65546,53,908,0,
909,"FlyMagSpellCastRightFront",65546,282,908,3,
910,"MagSpellCastBothUpChannel",65546,125,910,0,
911,"FlyMagSpellCastBothUpChannel",65546,354,910,3,
912,"MagSpellCastBothFrontChannel",65546,124,912,0,
913,"FlyMagSpellCastBothFrontChannel",65546,353,912,3,
914,"MagSpellCastLeftFrontChannel",65546,124,914,0,
915,"FlyMagSpellCastLeftFrontChannel",65546,353,914,3,
916,"MagSpellCastRightFrontChannel",65546,124,916,0,
917,"FlyMagSpellCastRightFrontChannel",65546,353,916,3,
918,"LocReadySpellCast",65546,25,918,0,
919,"FlyLocReadySpellCast",65546,254,918,3,
920,"LocSpellPrecastBoth",65546,51,920,0,
921,"FlyLocSpellPrecastBoth",65546,280,920,3,
922,"LocSpellPrecastBothChannel",65546,51,922,0,
923,"FlyLocSpellPrecastBothChannel",65546,280,922,3,
924,"LocSpellCastBothUp",65546,54,924,0,
925,"FlyLocSpellCastBothUp",65546,283,924,3,
926,"LocSpellCastBothFront",65546,53,926,0,
927,"FlyLocSpellCastBothFront",65546,282,926,3,
928,"LocSpellCastLeftFront",65546,53,928,0,
929,"FlyLocSpellCastLeftFront",65546,282,928,3,
930,"LocSpellCastRightFront",65546,53,930,0,
931,"FlyLocSpellCastRightFront",65546,282,930,3,
932,"LocSpellCastBothUpChannel",65546,125,932,0,
933,"FlyLocSpellCastBothUpChannel",65546,354,932,3,
934,"LocSpellCastBothFrontChannel",65546,124,934,0,
935,"FlyLocSpellCastBothFrontChannel",65546,353,934,3,
936,"LocSpellCastLeftFrontChannel",65546,124,936,0,
937,"FlyLocSpellCastLeftFrontChannel",65546,353,936,3,
938,"LocSpellCastRightFrontChannel",65546,124,938,0,
939,"FlyLocSpellCastRightFrontChannel",65546,353,938,3,
940,"DruReadySpellCast",65546,25,940,0,
941,"FlyDruReadySpellCast",65546,254,940,3,
942,"DruSpellPrecastBoth",65546,51,942,0,
943,"FlyDruSpellPrecastBoth",65546,280,942,3,
944,"DruSpellPrecastBothChannel",65546,51,944,0,
945,"FlyDruSpellPrecastBothChannel",65546,280,944,3,
946,"DruSpellCastBothUp",65546,54,946,0,
947,"FlyDruSpellCastBothUp",65546,283,946,3,
948,"DruSpellCastBothFront",65546,53,948,0,
949,"FlyDruSpellCastBothFront",65546,282,948,3,
950,"DruSpellCastLeftFront",65546,53,950,0,
951,"FlyDruSpellCastLeftFront",65546,282,950,3,
952,"DruSpellCastRightFront",65546,53,952,0,
953,"FlyDruSpellCastRightFront",65546,282,952,3,
954,"DruSpellCastBothUpChannel",65546,125,954,0,
955,"FlyDruSpellCastBothUpChannel",65546,354,954,3,
956,"DruSpellCastBothFrontChannel",65546,124,956,0,
957,"FlyDruSpellCastBothFrontChannel",65546,353,956,3,
958,"DruSpellCastLeftFrontChannel",65546,124,958,0,
959,"FlyDruSpellCastLeftFrontChannel",65546,353,958,3,
960,"DruSpellCastRightFrontChannel",65546,124,960,0,
961,"FlyDruSpellCastRightFrontChannel",65546,353,960,3,
962,"ArtMainLoop",69635,54,962,0,
963,"FlyArtMainLoop",69635,283,962,3,
964,"ArtDualLoop",69635,54,964,0,
965,"FlyArtDualLoop",69635,283,964,3,
966,"ArtFistsLoop",69635,54,966,0,
967,"FlyArtFistsLoop",69635,283,966,3,
968,"ArtBowLoop",69635,54,968,0,
969,"FlyArtBowLoop",69635,283,968,3,
970,"CombatAbility1H01Off",6361090,57,970,0,
971,"FlyCombatAbility1H01Off",6361090,286,970,3,
972,"CombatAbility1H02Off",6361090,57,972,0,
973,"FlyCombatAbility1H02Off",6361090,286,972,3,
974,"CombatFuriousStrike01",6361091,57,974,0,
975,"FlyCombatFuriousStrike01",6361091,286,974,3,
976,"CombatFuriousStrike02",6361091,57,976,0,
977,"FlyCombatFuriousStrike02",6361091,286,976,3,
978,"CombatFuriousStrikes",6361091,57,978,0,
979,"FlyCombatFuriousStrikes",6361091,286,978,3,
980,"CombatReadySpellCast",16844803,25,980,0,
981,"FlyCombatReadySpellCast",16844803,254,980,3,
982,"CombatShieldThrow",2162690,59,982,0,
983,"FlyCombatShieldThrow",2162690,288,982,3,
984,"PalSpellCast1HUp",2166787,54,984,0,
985,"FlyPalSpellCast1HUp",2166787,283,984,3,
986,"CombatReadyPostSpellCast",16844803,980,986,0,
987,"FlyCombatReadyPostSpellCast",16844803,981,986,3,
988,"PriReadyPostSpellCast",16844803,986,988,0,
989,"FlyPriReadyPostSpellCast",16844803,987,988,3,
990,"DHCombatRun",2,816,990,0,
991,"FlyDHCombatRun",2,817,990,3,
992,"CombatShieldBash",2162690,59,992,0,
993,"FlyCombatShieldBash",2162690,288,992,3,
994,"CombatThrow",67700739,107,994,0,
995,"FlyCombatThrow",67700739,336,994,3,
996,"CombatAbility1HPierce",2166786,85,996,0,
997,"FlyCombatAbility1HPierce",2166786,314,996,3,
998,"CombatAbility1HOffPierce",2166787,88,998,0,
999,"FlyCombatAbility1HOffPierce",2166787,317,998,3,
1000,"CombatMutilate",2101251,212,1000,0,
1001,"FlyCombatMutilate",2101251,441,1000,3,
1002,"CombatBladeStorm",4099,126,1002,0,
1003,"FlyCombatBladeStorm",4099,355,1002,3,
1004,"CombatFinishingMove",6361091,57,1004,0,
1005,"FlyCombatFinishingMove",6361091,286,1004,3,
1006,"CombatLeapStart",3,37,1006,0,
1007,"FlyCombatLeapStart",3,266,1006,3,
1008,"GlvThrowMain",67700739,107,1008,0,
1009,"FlyGlvThrowMain",67700739,336,1008,3,
1010,"GlvThrownOff",67700739,107,1010,0,
1011,"FlyGlvThrownOff",67700739,336,1010,3,
1012,"DHCombatSprint",2,990,1012,0,
1013,"FlyDHCombatSprint",2,991,1012,3,
1014,"CombatAbilityGlv01",6361091,57,1014,0,
1015,"FlyCombatAbilityGlv01",6361091,286,1014,3,
1016,"CombatAbilityGlv02",6361091,57,1016,0,
1017,"FlyCombatAbilityGlv02",6361091,286,1016,3,
1018,"CombatAbilityGlvOff01",6361091,57,1018,0,
1019,"FlyCombatAbilityGlvOff01",6361091,286,1018,3,
1020,"CombatAbilityGlvOff02",6361091,57,1020,0,
1021,"FlyCombatAbilityGlvOff02",6361091,286,1020,3,
1022,"CombatAbilityGlvBig01",6361091,57,1022,0,
1023,"FlyCombatAbilityGlvBig01",6361091,286,1022,3,
1024,"CombatAbilityGlvBig02",6361091,57,1024,0,
1025,"FlyCombatAbilityGlvBig02",6361091,286,1024,3,
1026,"ReadyGlv",69763,26,1026,0,
1027,"FlyReadyGlv",69763,255,1026,3,
1028,"CombatAbilityGlvBig03",6361091,57,1028,0,
1029,"FlyCombatAbilityGlvBig03",6361091,286,1028,3,
1030,"DoubleJumpStart",3,37,1030,0,
1031,"FlyDoubleJumpStart",3,266,1030,3,
1032,"DoubleJump",3,38,1032,0,
1033,"FlyDoubleJump",3,267,1032,3,
1034,"CombatEviscerate",6361091,212,1034,0,
1035,"FlyCombatEviscerate",6361091,441,1034,3,
1036,"DoubleJumpLandRun",3,187,1036,0,
1037,"FlyDoubleJumpLandRun",3,416,1036,3,
1038,"BackFlipStart",3,37,1038,0,
1039,"FlyBackFlipStart",3,266,1038,3,
1040,"BackFlipLoop",2,0,1040,0,
1041,"FlyBackFlipLoop",2,229,1040,3,
1042,"FelRushLoop",2,816,1042,0,
1043,"FlyFelRushLoop",2,817,1042,3,
1044,"FelRushEnd",2,820,1044,0,
1045,"FlyFelRushEnd",2,821,1044,3,
1046,"DHToAlteredStart",2048,0,1046,0,
1047,"FlyDHToAlteredStart",2048,229,1046,3,
1048,"DHToAlteredEnd",2051,0,1048,0,
1049,"FlyDHToAlteredEnd",2051,229,1048,3,
1050,"DHGlide",2,193,1050,0,
1051,"FlyDHGlide",2,422,1050,3,
1052,"FanOfKnives",4099,126,1052,0,
1053,"FlyFanOfKnives",4099,355,1052,3,
1054,"SingleJumpStart",3,37,1054,0,
1055,"FlySingleJumpStart",3,266,1054,3,
1056,"DHBladeDance1",6361091,0,1056,0,
1057,"FlyDHBladeDance1",6361091,229,1056,3,
1058,"DHBladeDance2",6361091,0,1058,0,
1059,"FlyDHBladeDance2",6361091,229,1058,3,
1060,"DHBladeDance3",6361091,57,1060,0,
1061,"FlyDHBladeDance3",6361091,286,1060,3,
1062,"DHMeteorStrike",6361091,57,1062,0,
1063,"FlyDHMeteorStrike",6361091,286,1062,3,
1064,"CombatExecute",6361091,57,1064,0,
1065,"FlyCombatExecute",6361091,286,1064,3,
1066,"ArtLoop",69635,962,1066,0,
1067,"FlyArtLoop",69635,283,1066,3,
1068,"ParryGlv",2166787,21,1068,0,
1069,"FlyParryGlv",2166787,250,1068,3,
1070,"CombatUnarmed02",23136259,118,1070,0,
1071,"FlyCombatUnarmed02",23136259,347,1070,3,
1072,"CombatPistolShot",6359043,49,1072,0,
1073,"FlyCombatPistolShot",6359043,278,1072,3,
1074,"CombatPistolShotOff",6359043,49,1074,0,
1075,"FlyCombatPistolShotOff",6359043,278,1074,3,
1076,"Monk2HLIdle",16844931,0,1076,0,
1077,"FlyMonk2HLIdle",16844931,229,1076,3,
